{"cameraMode":{"drawMode":0,"name":"Shaded","section":"Shading Mode"},"sceneLighting":false,"audioPlay":false,"sceneViewState":{"m_AlwaysRefresh":false,"showFog":true,"showSkybox":false,"showFlares":true,"showImageEffects":true,"showParticleSystems":true,"showVisualEffectGraphs":true,"m_FxEnabled":true},"in2DMode":false,"pivot":{"x":21.218521118164064,"y":5.69046688079834,"z":2.4577927589416506},"rotation":{"x":0.18165399134159089,"y":0.0206349678337574,"z":-0.003793266834691167,"w":0.9831876158714294},"size":2.0196146965026857,"orthographic":false}