{"cameraMode":{"drawMode":0,"name":"Shaded","section":"Shading Mode"},"sceneLighting":false,"audioPlay":false,"sceneViewState":{"m_AlwaysRefresh":false,"showFog":true,"showSkybox":false,"showFlares":true,"showImageEffects":true,"showParticleSystems":true,"showVisualEffectGraphs":true,"m_FxEnabled":true},"in2DMode":false,"pivot":{"x":-1.8695354461669922,"y":2.3090553283691408,"z":-0.053648293018341067},"rotation":{"x":0.09284023940563202,"y":0.7360616326332092,"z":-0.10311967879533768,"w":0.6625680327415466},"size":0.3645205795764923,"orthographic":false}