{"cameraMode":{"drawMode":0,"name":"Shaded","section":"Shading Mode"},"sceneLighting":false,"audioPlay":false,"sceneViewState":{"m_AlwaysRefresh":false,"showFog":true,"showSkybox":false,"showFlares":true,"showImageEffects":true,"showParticleSystems":true,"showVisualEffectGraphs":true,"m_FxEnabled":true},"in2DMode":false,"pivot":{"x":-47.837928771972659,"y":1.373216152191162,"z":0.06928205490112305},"rotation":{"x":0.0731310322880745,"y":0.9249304533004761,"z":-0.23076245188713075,"w":0.29312077164649966},"size":0.14131629467010499,"orthographic":false}