{"cameraMode":{"drawMode":0,"name":"Shaded","section":"Shading Mode"},"sceneLighting":false,"audioPlay":false,"sceneViewState":{"m_AlwaysRefresh":false,"showFog":true,"showSkybox":false,"showFlares":true,"showImageEffects":true,"showParticleSystems":true,"showVisualEffectGraphs":true,"m_FxEnabled":true},"in2DMode":false,"pivot":{"x":-0.006974637508392334,"y":0.0674753487110138,"z":0.0630764588713646},"rotation":{"x":0.16383345425128938,"y":-0.6790352463722229,"z":0.15952187776565553,"w":0.6976264715194702},"size":2.0767500400543215,"orthographic":false}