{"cameraMode":{"drawMode":0,"name":"Shaded","section":"Shading Mode"},"sceneLighting":false,"audioPlay":false,"sceneViewState":{"m_AlwaysRefresh":false,"showFog":true,"showSkybox":false,"showFlares":true,"showImageEffects":true,"showParticleSystems":true,"showVisualEffectGraphs":true,"m_FxEnabled":true},"in2DMode":false,"pivot":{"x":-10.405478477478028,"y":1.5430254936218262,"z":-0.09214401990175247},"rotation":{"x":-0.013083766214549542,"y":0.9774969220161438,"z":-0.20069417357444764,"w":-0.06372668594121933},"size":0.47186461091041567,"orthographic":false}