{"cameraMode":{"drawMode":0,"name":"Shaded","section":"Shading Mode"},"sceneLighting":false,"audioPlay":false,"sceneViewState":{"m_AlwaysRefresh":false,"showFog":true,"showSkybox":false,"showFlares":true,"showImageEffects":true,"showParticleSystems":true,"showVisualEffectGraphs":true,"m_FxEnabled":true},"in2DMode":false,"pivot":{"x":-0.08999999612569809,"y":2.241999864578247,"z":1.1230517625808716},"rotation":{"x":0.14841718971729279,"y":0.6819698214530945,"z":-0.14428764581680299,"w":0.7014813423156738},"size":0.36000025272369387,"orthographic":false}