{"cameraMode":{"drawMode":0,"name":"Shaded","section":"Shading Mode"},"sceneLighting":false,"audioPlay":false,"sceneViewState":{"m_AlwaysRefresh":false,"showFog":true,"showSkybox":false,"showFlares":true,"showImageEffects":true,"showParticleSystems":true,"showVisualEffectGraphs":true,"m_FxEnabled":true},"in2DMode":false,"pivot":{"x":-4.0032196044921879,"y":1.8770713806152344,"z":-0.01614832505583763},"rotation":{"x":0.009792526252567768,"y":0.6883505582809448,"z":-0.7252576351165772,"w":0.00929387379437685},"size":0.5662542581558228,"orthographic":false}